[{"i":1,"s":0,"t":"In"},{"i":2,"s":0,"t":"the"},{"i":3,"s":0,"t":"new"},{"i":4,"s":0.01,"t":"era"},{"i":5,"s":0.01,"t":"of"},{"i":6,"s":0.02,"t":"AI"},{"i":7,"s":0.02,"t":"chatbot"},{"i":8,"s":0.03,"t":"play,"},{"i":9,"s":0.03,"t":"a"},{"i":10,"s":0.04,"t":"prominent"},{"i":11,"s":0.04,"t":"role,"},{"i":12,"s":0.04,"t":"in"},{"i":13,"s":0.05,"t":"business"},{"i":14,"s":0.05,"t":"operation,"},{"i":15,"s":0.07,"t":"LED"},{"i":16,"s":0.07,"t":"generation"},{"i":17,"s":0.09,"t":"sales"},{"i":18,"s":0.09,"t":"increased"},{"i":19,"s":0.1,"t":"and"},{"i":20,"s":0.11,"t":"fulfilling"},{"i":21,"s":0.11,"t":"the"},{"i":22,"s":0.11,"t":"customers"},{"i":23,"s":0.12,"t":"queries"},{"i":24,"s":0.13,"t":"to"},{"i":25,"s":0.13,"t":"a"},{"i":26,"s":0.13,"t":"large"},{"i":27,"s":0.14,"t":"extent."},{"i":28,"s":0.14,"t":"Since"},{"i":29,"s":0.15,"t":"the"},{"i":30,"s":0.15,"t":"last"},{"i":31,"s":0.15,"t":"decade,"},{"i":32,"s":0.16,"t":"the"},{"i":33,"s":0.17,"t":"chatbot"},{"i":34,"s":0.17,"t":"has"},{"i":35,"s":0.18,"t":"been"},{"i":36,"s":0.18,"t":"adopted"},{"i":37,"s":0.19,"t":"by"},{"i":38,"s":0.19,"t":"major"},{"i":39,"s":0.2,"t":"industries"},{"i":40,"s":0.21,"t":"across"},{"i":41,"s":0.21,"t":"the"},{"i":42,"s":0.21,"t":"world,"},{"i":43,"s":0.22,"t":"after"},{"i":44,"s":0.24,"t":"noticing"},{"i":45,"s":0.24,"t":"the"},{"i":46,"s":0.25,"t":"business"},{"i":47,"s":0.25,"t":"benefits"},{"i":48,"s":0.26,"t":"and"},{"i":49,"s":0.26,"t":"the"},{"i":50,"s":0.26,"t":"flourishing"},{"i":51,"s":0.27,"t":"Market"},{"i":52,"s":0.28,"t":"size"},{"i":53,"s":0.28,"t":"created"},{"i":54,"s":0.29,"t":"by"},{"i":55,"s":0.29,"t":"chatbot."},{"i":56,"s":0.3,"t":"Several"},{"i":57,"s":0.31,"t":"businesses"},{"i":58,"s":0.32,"t":"are"},{"i":59,"s":0.32,"t":"looking"},{"i":60,"s":0.33,"t":"forward"},{"i":61,"s":0.33,"t":"to"},{"i":62,"s":0.34,"t":"launching"},{"i":63,"s":0.34,"t":"their"},{"i":64,"s":0.35,"t":"version"},{"i":65,"s":0.35,"t":"of"},{"i":66,"s":0.35,"t":"it"},{"i":67,"s":0.36,"t":"done"},{"i":68,"s":0.36,"t":"both"},{"i":69,"s":0.36,"t":"weapon"},{"i":70,"s":0.37,"t":"application"},{"i":71,"s":0.37,"t":"Platforms."},{"i":72,"s":0.39,"t":"In"},{"i":73,"s":0.4,"t":"this"},{"i":74,"s":0.41,"t":"blog."},{"i":75,"s":0.41,"t":"We"},{"i":76,"s":0.42,"t":"will"},{"i":77,"s":0.42,"t":"be"},{"i":78,"s":0.42,"t":"going"},{"i":79,"s":0.43,"t":"to"},{"i":80,"s":0.43,"t":"observe"},{"i":81,"s":0.43,"t":"and"},{"i":82,"s":0.44,"t":"presents"},{"i":83,"s":0.44,"t":"the"},{"i":84,"s":0.45,"t":"following"},{"i":85,"s":0.45,"t":"chatbot"},{"i":86,"s":0.47,"t":"in"},{"i":87,"s":0.47,"t":"its"},{"i":88,"s":0.47,"t":"Market."},{"i":89,"s":0.48,"t":"The"},{"i":90,"s":0.48,"t":"benefits"},{"i":91,"s":0.49,"t":"of"},{"i":92,"s":0.49,"t":"chatbot,"},{"i":93,"s":0.5,"t":"how"},{"i":94,"s":0.5,"t":"many"},{"i":95,"s":0.51,"t":"types"},{"i":96,"s":0.51,"t":"of"},{"i":97,"s":0.51,"t":"chatbots"},{"i":98,"s":0.52,"t":"are"},{"i":99,"s":0.52,"t":"present"},{"i":100,"s":0.53,"t":"its"},{"i":101,"s":0.54,"t":"impact"},{"i":102,"s":0.55,"t":"on"},{"i":103,"s":0.55,"t":"business"},{"i":104,"s":0.56,"t":"and"},{"i":105,"s":0.56,"t":"market"},{"i":106,"s":0.57,"t":"and"},{"i":107,"s":0.57,"t":"Society"},{"i":108,"s":0.58,"t":"MVP"},{"i":109,"s":0.59,"t":"features"},{"i":110,"s":0.6,"t":"of"},{"i":111,"s":0.6,"t":"chatbot"},{"i":112,"s":0.61,"t":"before"},{"i":113,"s":0.61,"t":"digging"},{"i":114,"s":0.61,"t":"deeper"},{"i":115,"s":0.62,"t":"into"},{"i":116,"s":0.63,"t":"the"},{"i":117,"s":0.63,"t":"future"},{"i":118,"s":0.63,"t":"cost"},{"i":119,"s":0.64,"t":"benefits."},{"i":120,"s":0.65,"t":"Analysis,"},{"i":121,"s":0.65,"t":"has"},{"i":122,"s":0.66,"t":"some"},{"i":123,"s":0.67,"t":"look"},{"i":124,"s":0.67,"t":"into"},{"i":125,"s":0.67,"t":"what"},{"i":126,"s":0.67,"t":"exactly"},{"i":127,"s":0.68,"t":"chatbot"},{"i":128,"s":0.69,"t":"is"},{"i":129,"s":0.69,"t":"and"},{"i":130,"s":0.71,"t":"its"},{"i":131,"s":0.71,"t":"Market"},{"i":132,"s":0.72,"t":"flourished"},{"i":133,"s":0.73,"t":"chatbot"},{"i":134,"s":0.74,"t":"and"},{"i":135,"s":0.74,"t":"its"},{"i":136,"s":0.74,"t":"Market"},{"i":137,"s":0.75,"t":"within"},{"i":138,"s":0.75,"t":"the"},{"i":139,"s":0.76,"t":"past"},{"i":140,"s":0.76,"t":"decade"},{"i":141,"s":0.77,"t":"chatbots"},{"i":142,"s":0.78,"t":"have"},{"i":143,"s":0.78,"t":"witnessed"},{"i":144,"s":0.79,"t":"and"},{"i":145,"s":0.79,"t":"unmatched"},{"i":146,"s":0.8,"t":"demand"},{"i":147,"s":0.81,"t":"from"},{"i":148,"s":0.81,"t":"several"},{"i":149,"s":0.82,"t":"Industries"},{"i":150,"s":0.83,"t":"around"},{"i":151,"s":0.83,"t":"the"},{"i":152,"s":0.83,"t":"globe"},{"i":153,"s":0.83,"t":"including"},{"i":154,"s":0.85,"t":"e-commerce"},{"i":155,"s":0.86,"t":"Logistics,"},{"i":156,"s":0.87,"t":"retail"},{"i":157,"s":0.89,"t":"banking"},{"i":158,"s":0.9,"t":"Insurance"},{"i":159,"s":0.91,"t":"education,"},{"i":160,"s":0.93,"t":"food"},{"i":161,"s":0.94,"t":"Healthcare,"},{"i":162,"s":0.95,"t":"hospitality,"},{"i":163,"s":0.97,"t":"and"},{"i":164,"s":0.97,"t":"many"},{"i":165,"s":0.98,"t":"more."},{"i":166,"s":1,"t":"It"},{"i":167,"s":1.01,"t":"was"},{"i":168,"s":1.01,"t":"limited"},{"i":169,"s":1.01,"t":"to"},{"i":170,"s":1.02,"t":"the"},{"i":171,"s":1.02,"t":"e-commerce"},{"i":172,"s":1.02,"t":"business."},{"i":173,"s":1.04,"t":"But"},{"i":174,"s":1.04,"t":"since"},{"i":175,"s":1.05,"t":"the"},{"i":176,"s":1.05,"t":"Advent"},{"i":177,"s":1.05,"t":"of"},{"i":178,"s":1.06,"t":"mobile"},{"i":179,"s":1.06,"t":"applications,"},{"i":180,"s":1.07,"t":"the"},{"i":181,"s":1.08,"t":"whole"},{"i":182,"s":1.08,"t":"scenario"},{"i":183,"s":1.09,"t":"shifted"},{"i":184,"s":1.1,"t":"360"},{"i":185,"s":1.11,"t":"Degrees"},{"i":186,"s":1.12,"t":"according"},{"i":187,"s":1.14,"t":"to"},{"i":188,"s":1.14,"t":"data"},{"i":189,"s":1.15,"t":"by"},{"i":190,"s":1.16,"t":"the"},{"i":191,"s":1.16,"t":"end"},{"i":192,"s":1.16,"t":"of"},{"i":193,"s":1.16,"t":"2020"},{"i":194,"s":1.17,"t":"to"},{"i":195,"s":1.17,"t":"more"},{"i":196,"s":1.18,"t":"than"},{"i":197,"s":1.19,"t":"80%"},{"i":198,"s":1.2,"t":"of"},{"i":199,"s":1.2,"t":"Industries"},{"i":200,"s":1.21,"t":"will"},{"i":201,"s":1.21,"t":"adopt"},{"i":202,"s":1.21,"t":"a"},{"i":203,"s":1.22,"t":"chatbot"},{"i":204,"s":1.22,"t":"as"},{"i":205,"s":1.23,"t":"an"},{"i":206,"s":1.23,"t":"integral"},{"i":207,"s":1.23,"t":"part"},{"i":208,"s":1.24,"t":"of"},{"i":209,"s":1.24,"t":"the"},{"i":210,"s":1.24,"t":"business."},{"i":211,"s":1.25,"t":"By"},{"i":212,"s":1.26,"t":"the"},{"i":213,"s":1.27,"t":"time"},{"i":214,"s":1.27,"t":"2024,"},{"i":215,"s":1.29,"t":"the"},{"i":216,"s":1.29,"t":"market"},{"i":217,"s":1.3,"t":"size"},{"i":218,"s":1.3,"t":"of"},{"i":219,"s":1.31,"t":"chatbots"},{"i":220,"s":1.31,"t":"Technology"},{"i":221,"s":1.32,"t":"would"},{"i":222,"s":1.33,"t":"have"},{"i":223,"s":1.33,"t":"swelled"},{"i":224,"s":1.34,"t":"to"},{"i":225,"s":1.34,"t":"1.36"},{"i":226,"s":1.35,"t":"billion"},{"i":227,"s":1.36,"t":"dollars."},{"i":228,"s":1.37,"t":"A"},{"i":229,"s":1.37,"t":"number"},{"i":230,"s":1.38,"t":"that"},{"i":231,"s":1.38,"t":"is"},{"i":232,"s":1.38,"t":"driven"},{"i":233,"s":1.39,"t":"by"},{"i":234,"s":1.39,"t":"the"},{"i":235,"s":1.39,"t":"Inception"},{"i":236,"s":1.4,"t":"of"},{"i":237,"s":1.4,"t":"disruptive"},{"i":238,"s":1.41,"t":"Technologies,"},{"i":239,"s":1.42,"t":"like"},{"i":240,"s":1.43,"t":"artificial"},{"i":241,"s":1.43,"t":"intelligence"},{"i":242,"s":1.45,"t":"and"},{"i":243,"s":1.45,"t":"machine"},{"i":244,"s":1.45,"t":"learning"},{"i":245,"s":1.46,"t":"and"},{"i":246,"s":1.46,"t":"the"},{"i":247,"s":1.46,"t":"chatbot"},{"i":248,"s":1.47,"t":"mechanism"},{"i":249,"s":1.48,"t":"after"},{"i":250,"s":1.5,"t":"analyzing"},{"i":251,"s":1.51,"t":"the"},{"i":252,"s":1.51,"t":"market"},{"i":253,"s":1.51,"t":"share"},{"i":254,"s":1.52,"t":"of"},{"i":255,"s":1.52,"t":"chatbots."},{"i":256,"s":1.53,"t":"One"},{"i":257,"s":1.54,"t":"thing"},{"i":258,"s":1.54,"t":"is"},{"i":259,"s":1.54,"t":"clear,"},{"i":260,"s":1.55,"t":"chatbots"},{"i":261,"s":1.56,"t":"are"},{"i":262,"s":1.57,"t":"going"},{"i":263,"s":1.57,"t":"to"},{"i":264,"s":1.57,"t":"be"},{"i":265,"s":1.57,"t":"an"},{"i":266,"s":1.58,"t":"eminent"},{"i":267,"s":1.58,"t":"segment"},{"i":268,"s":1.59,"t":"of"},{"i":269,"s":1.59,"t":"businesses"},{"i":270,"s":1.6,"t":"across"},{"i":271,"s":1.6,"t":"Industries"},{"i":272,"s":1.62,"t":"and"},{"i":273,"s":1.63,"t":"why"},{"i":274,"s":1.63,"t":"not,"},{"i":275,"s":1.64,"t":"after"},{"i":276,"s":1.65,"t":"all"},{"i":277,"s":1.65,"t":"the"},{"i":278,"s":1.66,"t":"business"},{"i":279,"s":1.67,"t":"benefits"},{"i":280,"s":1.67,"t":"that"},{"i":281,"s":1.68,"t":"they"},{"i":282,"s":1.68,"t":"have"},{"i":283,"s":1.68,"t":"to"},{"i":284,"s":1.68,"t":"offer"},{"i":285,"s":1.68,"t":"our"},{"i":286,"s":1.69,"t":"unique"},{"i":287,"s":1.7,"t":"and"},{"i":288,"s":1.7,"t":"unmatched"},{"i":289,"s":1.71,"t":"talking"},{"i":290,"s":1.72,"t":"of"},{"i":291,"s":1.72,"t":"the"},{"i":292,"s":1.72,"t":"business"},{"i":293,"s":1.73,"t":"benefits"},{"i":294,"s":1.74,"t":"of"},{"i":295,"s":1.74,"t":"chatbots."},{"i":296,"s":1.75,"t":"Let"},{"i":297,"s":1.76,"t":"us"},{"i":298,"s":1.76,"t":"look"},{"i":299,"s":1.76,"t":"at"},{"i":300,"s":1.76,"t":"what"},{"i":301,"s":1.77,"t":"they"},{"i":302,"s":1.77,"t":"are"},{"i":303,"s":1.77,"t":"before."},{"i":304,"s":1.77,"t":"We"},{"i":305,"s":1.78,"t":"move"},{"i":306,"s":1.78,"t":"on"},{"i":307,"s":1.78,"t":"to"},{"i":308,"s":1.79,"t":"the"},{"i":309,"s":1.79,"t":"chatbot"},{"i":310,"s":1.79,"t":"development"},{"i":311,"s":1.81,"t":"cost"},{"i":312,"s":1.81,"t":"in"},{"i":313,"s":1.83,"t":"the"},{"i":314,"s":1.83,"t":"path"},{"i":315,"s":1.83,"t":"of"},{"i":316,"s":1.83,"t":"making"},{"i":317,"s":1.84,"t":"your"},{"i":318,"s":1.84,"t":"business."},{"i":319,"s":1.85,"t":"A"},{"i":320,"s":1.85,"t":"24"},{"i":321,"s":1.86,"t":"x"},{"i":322,"s":1.87,"t":"7,"},{"i":323,"s":1.87,"t":"business"},{"i":324,"s":1.87,"t":"chat"},{"i":325,"s":1.89,"t":"box"},{"i":326,"s":1.89,"t":"in"},{"i":327,"s":1.89,"t":"artificial"},{"i":328,"s":1.9,"t":"intelligence"},{"i":329,"s":1.9,"t":"play"},{"i":330,"s":1.92,"t":"a"},{"i":331,"s":1.92,"t":"prominent"},{"i":332,"s":1.92,"t":"role."},{"i":333,"s":1.93,"t":"Although"},{"i":334,"s":1.95,"t":"it"},{"i":335,"s":1.95,"t":"might"},{"i":336,"s":1.95,"t":"look"},{"i":337,"s":1.96,"t":"like"},{"i":338,"s":1.96,"t":"that."},{"i":339,"s":1.96,"t":"The"},{"i":340,"s":1.96,"t":"cost"},{"i":341,"s":1.97,"t":"of"},{"i":342,"s":1.97,"t":"chatbot"},{"i":343,"s":1.98,"t":"technology"},{"i":344,"s":1.99,"t":"is"},{"i":345,"s":1.99,"t":"expensive."},{"i":346,"s":2,"t":"But"},{"i":347,"s":2.01,"t":"the"},{"i":348,"s":2.01,"t":"reality"},{"i":349,"s":2.01,"t":"is"},{"i":350,"s":2.02,"t":"just,"},{"i":351,"s":2.02,"t":"the"},{"i":352,"s":2.02,"t":"opposite"},{"i":353,"s":2.03,"t":"chatbot"},{"i":354,"s":2.05,"t":"helps"},{"i":355,"s":2.06,"t":"the"},{"i":356,"s":2.06,"t":"business"},{"i":357,"s":2.07,"t":"to"},{"i":358,"s":2.07,"t":"generate"},{"i":359,"s":2.07,"t":"a"},{"i":360,"s":2.08,"t":"high"},{"i":361,"s":2.08,"t":"level"},{"i":362,"s":2.08,"t":"of"},{"i":363,"s":2.09,"t":"customers"},{"i":364,"s":2.09,"t":"and"},{"i":365,"s":2.1,"t":"sales"},{"i":366,"s":2.1,"t":"and"},{"i":367,"s":2.11,"t":"that"},{"i":368,"s":2.11,"t":"takes"},{"i":369,"s":2.12,"t":"your"},{"i":370,"s":2.12,"t":"cost"},{"i":371,"s":2.12,"t":"per"},{"i":372,"s":2.13,"t":"customer"},{"i":373,"s":2.13,"t":"to"},{"i":374,"s":2.14,"t":"the"},{"i":375,"s":2.14,"t":"Lower"},{"i":376,"s":2.14,"t":"Side."},{"i":377,"s":2.15,"t":"All"},{"i":378,"s":2.15,"t":"in"},{"i":379,"s":2.16,"t":"all"},{"i":380,"s":2.16,"t":"due"},{"i":381,"s":2.17,"t":"to"},{"i":382,"s":2.17,"t":"the"},{"i":383,"s":2.17,"t":"high"},{"i":384,"s":2.17,"t":"number"},{"i":385,"s":2.18,"t":"of"},{"i":386,"s":2.18,"t":"customers."},{"i":387,"s":2.19,"t":"Eventually"},{"i":388,"s":2.2,"t":"the"},{"i":389,"s":2.2,"t":"cost"},{"i":390,"s":2.21,"t":"gets"},{"i":391,"s":2.21,"t":"decreased"},{"i":392,"s":2.22,"t":"and"},{"i":393,"s":2.22,"t":"makes"},{"i":394,"s":2.23,"t":"your"},{"i":395,"s":2.23,"t":"operations"},{"i":396,"s":2.24,"t":"cost-efficient."}]